EmailAddress,GivenName,Surname
JohnLChung@rhyta.com,John,Chung
TiffanySCaldwell@jourrapide.com,Tiffany,Caldwell
KaMJohnson@gustr.com,Ka,Johnson
LesterVCeja@jourrapide.com,Lester,Ceja
JillJSutton@dayrep.com,Jill,Sutton
EvetteGNester@rhyta.com,Evette,Nester
ChristopherMButler@rhyta.com,Christopher,Butler
JosephRAlmaguer@fleckens.hu,Joseph,Almaguer
StanleyAGarcia@armyspy.com,Stanley,Garcia
KathyHSchultz@teleworm.us,Kathy,Schultz
LillianJRodriguez@dayrep.com,Lillian,Rodriguez
PhillipDCaldwell@armyspy.com,Phillip,Caldwell
KevinMRoss@jourrapide.com,Kevin,Ross
JosephNDelarosa@rhyta.com,Joseph,Delarosa
MarilynKSkelton@einrot.com,Marilyn,Skelton
ChristopherMOrtega@dayrep.com,Christopher,Ortega
CatherineAMaynard@cuvox.de,Catherine,Maynard
AmyDSteele@teleworm.us,Amy,Steele
DeborahDAtkinson@cuvox.de,Deborah,Atkinson
PatrickLPeebles@armyspy.com,Patrick,Peebles
JeffLCharles@fleckens.hu,Jeff,Charles
MarkJMartinez@superrito.com,Mark,Martinez
SherryAWilliams@gustr.com,Sherry,Williams
MarionNWheeler@jourrapide.com,Marion,Wheeler
AngelLClark@cuvox.de,Angel,Clark
JaneHAllman@gustr.com,Jane,Allman
JoeMQuiroz@armyspy.com,Joe,Quiroz
HelenBUmana@fleckens.hu,Helen,Umana
JamesSRivers@teleworm.us,James,Rivers
MelvinMMoore@dayrep.com,Melvin,Moore
DianeJRandall@einrot.com,Diane,Randall
TylerMCarter@cuvox.de,Tyler,Carter
MichaelMParr@cuvox.de,Michael,Parr
ElviaASoliz@cuvox.de,Elvia,Soliz
SalinaROgden@gustr.com,Salina,Ogden
AmySLopez@jourrapide.com,Amy,Lopez
EdgarJGreer@jourrapide.com,Edgar,Greer
PaulKMarch@armyspy.com,Paul,March
MarianJRooker@cuvox.de,Marian,Rooker
RobbieKHayashi@armyspy.com,Robbie,Hayashi
TommyMCain@rhyta.com,Tommy,Cain
DavidSDix@dayrep.com,David,Dix
GloriaRMoffit@fleckens.hu,Gloria,Moffit
AdamEMcMahon@cuvox.de,Adam,McMahon
LatashaLManwaring@armyspy.com,Latasha,Manwaring
AlanLDaugherty@teleworm.us,Alan,Daugherty
BarbaraDThomas@einrot.com,Barbara,Thomas
AlexandraRRussell@fleckens.hu,Alexandra,Russell
ScottCFall@teleworm.us,Scott,Fall
MichaelSSharpe@jourrapide.com,Michael,Sharpe
KatieHFrank@rhyta.com,Katie,Frank
BrettKLilley@teleworm.us,Brett,Lilley
DonnaHGreen@einrot.com,Donna,Green
DavidIGriffith@armyspy.com,David,Griffith
HollieTHouston@rhyta.com,Hollie,Houston
MaryMCulbreth@fleckens.hu,Mary,Culbreth
AnnaDColey@teleworm.us,Anna,Coley
RichardEGregory@cuvox.de,Richard,Gregory
BarbaraHJohnson@fleckens.hu,Barbara,Johnson
SusanJIverson@cuvox.de,Susan,Iverson
CoreyRRoy@superrito.com,Corey,Roy
DouglasDDuarte@jourrapide.com,Douglas,Duarte
RobertaGMace@cuvox.de,Roberta,Mace
BeverlyJStpierre@rhyta.com,Beverly,Stpierre
KeelyWTeston@superrito.com,Keely,Teston
DonMPhillips@dayrep.com,Don,Phillips
MarciaCYagi@cuvox.de,Marcia,Yagi
KarenJLundy@fleckens.hu,Karen,Lundy
CarolynJBrodie@teleworm.us,Carolyn,Brodie
MelvinLBruder@cuvox.de,Melvin,Bruder
JohnMDecker@jourrapide.com,John,Decker
ErnestACrites@jourrapide.com,Ernest,Crites
KatherineJKohler@jourrapide.com,Katherine,Kohler
BabetteDGiddings@dayrep.com,Babette,Giddings
CarolJEvans@gustr.com,Carol,Evans
BrianBBeckwith@rhyta.com,Brian,Beckwith
RuthJWalker@jourrapide.com,Ruth,Walker
JaneMBrogden@dayrep.com,Jane,Brogden
ShirleyRCox@rhyta.com,Shirley,Cox
ShawnDSchreck@teleworm.us,Shawn,Schreck
WalterTDavis@gustr.com,Walter,Davis
WillieLMorrison@rhyta.com,Willie,Morrison
AliceKSmyth@einrot.com,Alice,Smyth
LindaVPeterson@einrot.com,Linda,Peterson
MichaelJGildersleeve@gustr.com,Michael,Gildersleeve
KasandraNHorowitz@rhyta.com,Kasandra,Horowitz
StanleyKCannon@teleworm.us,Stanley,Cannon
ColleenGMarinez@rhyta.com,Colleen,Marinez
JosephJMohamed@superrito.com,Joseph,Mohamed
ElizabethJIrish@jourrapide.com,Elizabeth,Irish
AnnDEvans@rhyta.com,Ann,Evans
RussellDSherman@einrot.com,Russell,Sherman
JasonTAbbott@gustr.com,Jason,Abbott
ClaraJHill@dayrep.com,Clara,Hill
DavidSEdwards@armyspy.com,David,Edwards
DeannaLBarker@jourrapide.com,Deanna,Barker
VirginiaGParham@jourrapide.com,Virginia,Parham
JakeECoury@armyspy.com,Jake,Coury
RossCBrowning@fleckens.hu,Ross,Browning
ColeCBrogan@teleworm.us,Cole,Brogan
ThelmaRFarrer@rhyta.com,Thelma,Farrer
JamesJDavis@armyspy.com,James,Davis
RobertCMartino@dayrep.com,Robert,Martino
RichardJStiger@gustr.com,Richard,Stiger
IdaPYoung@teleworm.us,Ida,Young
MaryRHudson@fleckens.hu,Mary,Hudson
AlanDRoberts@fleckens.hu,Alan,Roberts
HeatherCScott@einrot.com,Heather,Scott
LucianoRHuddleston@gustr.com,Luciano,Huddleston
RobertMShaffer@superrito.com,Robert,Shaffer
JamesEReeves@armyspy.com,James,Reeves
PaulEBowles@cuvox.de,Paul,Bowles
LamarRChow@dayrep.com,Lamar,Chow
LarryCBell@armyspy.com,Larry,Bell
RalphMDavis@einrot.com,Ralph,Davis
AileenPMingo@superrito.com,Aileen,Mingo
MaryJAbbas@cuvox.de,Mary,Abbas
MargieEHorton@superrito.com,Margie,Horton
VictorSSurface@gustr.com,Victor,Surface
